X,CH1,CH2,Start,Increment,
Sequence,Volt,Volt,-3.770000e-05,5.000000e-08
0,1.90e+01,-8.00e-03,
1,1.84e+01,4.00e-03,
2,1.90e+01,-8.00e-03,
3,1.86e+01,4.00e-03,
4,1.86e+01,-8.00e-03,
5,1.90e+01,4.00e-03,
6,1.90e+01,-4.00e-03,
7,1.86e+01,0.00e+00,
8,1.86e+01,0.00e+00,
9,1.90e+01,-8.00e-03,
10,1.90e+01,0.00e+00,
11,1.86e+01,-8.00e-03,
12,1.86e+01,0.00e+00,
13,1.90e+01,-8.00e-03,
14,1.86e+01,4.00e-03,
15,1.90e+01,-4.00e-03,
16,1.86e+01,-4.00e-03,
17,1.90e+01,4.00e-03,
18,1.86e+01,-4.00e-03,
19,1.90e+01,4.00e-03,
20,1.90e+01,-4.00e-03,
21,1.86e+01,4.00e-03,
22,1.86e+01,4.00e-03,
23,1.88e+01,-8.00e-03,
24,1.86e+01,-4.00e-03,
25,1.90e+01,4.00e-03,
26,1.86e+01,-4.00e-03,
27,1.90e+01,4.00e-03,
28,1.84e+01,-4.00e-03,
29,1.90e+01,4.00e-03,
30,1.86e+01,4.00e-03,
31,1.90e+01,-4.00e-03,
32,1.90e+01,-4.00e-03,
33,1.84e+01,4.00e-03,
34,1.88e+01,-4.00e-03,
35,1.86e+01,4.00e-03,
36,1.90e+01,-4.00e-03,
37,1.84e+01,4.00e-03,
38,1.86e+01,-4.00e-03,
39,1.90e+01,4.00e-03,
40,1.90e+01,4.00e-03,
41,1.84e+01,-4.00e-03,
42,1.86e+01,-4.00e-03,
43,1.90e+01,4.00e-03,
44,1.90e+01,-4.00e-03,
45,1.84e+01,4.00e-03,
46,1.86e+01,-4.00e-03,
47,1.90e+01,4.00e-03,
48,1.88e+01,-4.00e-03,
49,1.84e+01,4.00e-03,
50,1.86e+01,4.00e-03,
51,1.90e+01,-4.00e-03,
52,1.86e+01,-4.00e-03,
53,1.90e+01,4.00e-03,
54,1.86e+01,4.00e-03,
55,1.90e+01,-4.00e-03,
56,1.90e+01,-4.00e-03,
57,1.84e+01,4.00e-03,
58,1.90e+01,-4.00e-03,
59,1.84e+01,4.00e-03,
60,1.90e+01,-4.00e-03,
61,1.84e+01,4.00e-03,
62,1.86e+01,4.00e-03,
63,1.90e+01,-4.00e-03,
64,1.86e+01,4.00e-03,
65,1.88e+01,-4.00e-03,
66,1.90e+01,-4.00e-03,
67,1.86e+01,4.00e-03,
68,1.84e+01,4.00e-03,
69,1.90e+01,-4.00e-03,
70,1.90e+01,-4.00e-03,
71,1.84e+01,4.00e-03,
72,1.84e+01,4.00e-03,
73,1.90e+01,-4.00e-03,
74,1.90e+01,-4.00e-03,
75,1.84e+01,4.00e-03,
76,1.84e+01,4.00e-03,
77,1.90e+01,-4.00e-03,
78,1.90e+01,4.00e-03,
79,1.84e+01,-4.00e-03,
80,1.90e+01,-4.00e-03,
81,1.84e+01,4.00e-03,
82,1.84e+01,4.00e-03,
83,1.90e+01,-4.00e-03,
84,1.90e+01,4.00e-03,
85,1.84e+01,-4.00e-03,
86,1.88e+01,-4.00e-03,
87,1.84e+01,4.00e-03,
88,1.88e+01,4.00e-03,
89,1.84e+01,-4.00e-03,
90,1.88e+01,-4.00e-03,
91,1.84e+01,4.00e-03,
92,1.84e+01,-4.00e-03,
93,1.88e+01,4.00e-03,
94,1.84e+01,4.00e-03,
95,1.88e+01,-4.00e-03,
96,1.84e+01,4.00e-03,
97,1.88e+01,-4.00e-03,
98,1.84e+01,4.00e-03,
99,1.88e+01,-4.00e-03,
100,1.86e+01,4.00e-03,
101,1.66e+01,-4.00e-03,
102,1.68e+01,-4.00e-03,
103,1.10e+01,4.00e-03,
104,1.08e+01,-4.00e-03,
105,5.60e+00,4.00e-03,
106,6.00e+00,-4.00e-03,
107,3.00e+00,4.00e-03,
108,3.40e+00,4.00e-03,
109,2.60e+00,-4.00e-03,
110,2.80e+00,0.00e+00,
111,4.80e+00,8.00e-03,
112,4.60e+00,4.00e-03,
113,8.20e+00,0.00e+00,
114,8.40e+00,4.00e-03,
115,1.28e+01,-4.00e-03,
116,1.26e+01,4.00e-03,
117,1.58e+01,-4.00e-03,
118,1.60e+01,-4.00e-03,
119,1.48e+01,4.00e-03,
120,1.48e+01,-4.00e-03,
121,1.10e+01,4.00e-03,
122,1.10e+01,-4.00e-03,
123,6.60e+00,4.00e-03,
124,6.60e+00,4.00e-03,
125,4.40e+00,-4.00e-03,
126,4.80e+00,4.00e-03,
127,3.80e+00,-4.00e-03,
128,3.80e+00,4.00e-03,
129,5.40e+00,-4.00e-03,
130,5.20e+00,4.00e-03,
131,8.00e+00,-4.00e-03,
132,8.20e+00,4.00e-03,
133,1.14e+01,-4.00e-03,
134,1.14e+01,4.00e-03,
135,1.38e+01,-4.00e-03,
136,1.42e+01,4.00e-03,
137,1.34e+01,-4.00e-03,
138,1.36e+01,-4.00e-03,
139,1.08e+01,4.00e-03,
140,1.08e+01,4.00e-03,
141,7.60e+00,-8.00e-03,
142,7.60e+00,4.00e-03,
143,5.40e+00,-4.00e-03,
144,5.80e+00,-4.00e-03,
145,4.80e+00,4.00e-03,
146,4.80e+00,-4.00e-03,
147,6.00e+00,4.00e-03,
148,5.80e+00,-4.00e-03,
149,8.00e+00,4.00e-03,
150,8.00e+00,-4.00e-03,
151,1.04e+01,4.00e-03,
152,1.04e+01,4.00e-03,
153,1.26e+01,-4.00e-03,
154,1.36e+01,1.64e-01,
155,8.00e-01,-1.12e-01,
156,4.00e-01,3.20e-02,
157,-2.00e-01,-4.00e-03,
158,4.00e-01,1.20e-02,
159,-2.00e-01,4.00e-03,
160,4.00e-01,1.60e-02,
161,-2.00e-01,4.00e-03,
162,0.00e+00,8.00e-03,
163,6.00e-01,1.60e-02,
164,4.00e-01,8.00e-03,
165,-2.00e-01,2.00e-02,
166,-2.00e-01,1.20e-02,
167,6.00e-01,2.00e-02,
168,6.00e-01,1.60e-02,
169,-2.00e-01,2.40e-02,
170,4.00e-01,1.60e-02,
171,-2.00e-01,2.40e-02,
172,6.00e-01,2.00e-02,
173,-2.00e-01,2.80e-02,
174,4.00e-01,2.00e-02,
175,-2.00e-01,3.20e-02,
176,0.00e+00,2.40e-02,
177,4.00e-01,3.20e-02,
178,4.00e-01,2.80e-02,
179,0.00e+00,3.60e-02,
180,0.00e+00,3.60e-02,
181,6.00e-01,2.80e-02,
182,0.00e+00,3.20e-02,
183,4.00e-01,4.00e-02,
184,4.00e-01,3.20e-02,
185,-2.00e-01,4.40e-02,
186,6.00e-01,3.60e-02,
187,-2.00e-01,4.40e-02,
188,4.00e-01,4.00e-02,
189,-2.00e-01,4.80e-02,
190,4.00e-01,4.80e-02,
191,-2.00e-01,4.00e-02,
192,4.00e-01,4.40e-02,
193,-2.00e-01,5.20e-02,
194,0.00e+00,5.20e-02,
195,6.00e-01,4.80e-02,
196,-2.00e-01,5.60e-02,
197,4.00e-01,4.80e-02,
198,4.00e-01,5.20e-02,
199,-2.00e-01,6.00e-02,
200,4.00e-01,6.00e-02,
201,-2.00e-01,5.20e-02,
202,4.00e-01,5.60e-02,
203,-2.00e-01,6.40e-02,
204,6.00e-01,6.00e-02,
205,-2.00e-01,6.80e-02,
206,0.00e+00,6.00e-02,
207,4.00e-01,6.80e-02,
208,4.00e-01,6.40e-02,
209,-2.00e-01,7.20e-02,
210,-2.00e-01,6.80e-02,
211,6.00e-01,7.60e-02,
212,-2.00e-01,6.80e-02,
213,4.00e-01,8.00e-02,
214,4.00e-01,7.20e-02,
215,-2.00e-01,8.00e-02,
216,4.00e-01,8.00e-02,
217,-2.00e-01,7.20e-02,
218,0.00e+00,7.60e-02,
219,6.00e-01,8.40e-02,
220,4.00e-01,8.00e-02,
221,-2.00e-01,8.80e-02,
222,0.00e+00,8.00e-02,
223,6.00e-01,8.80e-02,
224,6.00e-01,8.40e-02,
225,-2.00e-01,9.20e-02,
226,0.00e+00,8.40e-02,
227,6.00e-01,9.60e-02,
228,4.00e-01,8.80e-02,
229,0.00e+00,9.60e-02,
230,4.00e-01,9.20e-02,
231,-2.00e-01,1.00e-01,
232,4.00e-01,9.20e-02,
233,-2.00e-01,1.00e-01,
234,0.00e+00,9.60e-02,
235,4.00e-01,1.04e-01,
236,-2.00e-01,9.60e-02,
237,4.00e-01,1.08e-01,
238,6.00e-01,1.00e-01,
239,-2.00e-01,1.08e-01,
240,-2.00e-01,1.00e-01,
241,6.00e-01,1.08e-01,
242,-2.00e-01,1.04e-01,
243,6.00e-01,1.12e-01,
244,0.00e+00,1.12e-01,
245,4.00e-01,1.08e-01,
246,4.00e-01,1.16e-01,
247,-2.00e-01,1.08e-01,
248,0.00e+00,1.12e-01,
249,4.00e-01,1.20e-01,
250,0.00e+00,1.20e-01,
251,6.00e-01,1.12e-01,
252,0.00e+00,1.16e-01,
253,6.00e-01,1.24e-01,
254,-2.00e-01,1.24e-01,
255,6.00e-01,1.16e-01,
256,4.00e-01,1.20e-01,
257,0.00e+00,1.28e-01,
258,4.00e-01,1.28e-01,
259,0.00e+00,1.20e-01,
260,4.00e-01,1.24e-01,
261,0.00e+00,1.32e-01,
262,4.00e-01,1.28e-01,
263,0.00e+00,1.36e-01,
264,4.00e-01,1.36e-01,
265,-2.00e-01,1.28e-01,
266,6.00e-01,1.32e-01,
267,0.00e+00,1.40e-01,
268,0.00e+00,1.32e-01,
269,6.00e-01,1.40e-01,
270,0.00e+00,1.36e-01,
271,6.00e-01,1.44e-01,
272,-2.00e-01,1.44e-01,
273,8.00e-01,1.36e-01,
274,4.00e-01,1.40e-01,
275,0.00e+00,1.48e-01,
276,0.00e+00,1.40e-01,
277,6.00e-01,1.52e-01,
278,0.00e+00,1.44e-01,
279,6.00e-01,1.52e-01,
280,6.00e-01,1.44e-01,
281,0.00e+00,1.56e-01,
282,6.00e-01,1.56e-01,
283,0.00e+00,1.48e-01,
284,0.00e+00,1.48e-01,
285,6.00e-01,1.60e-01,
286,4.00e-01,1.52e-01,
287,0.00e+00,1.60e-01,
288,6.00e-01,1.56e-01,
289,0.00e+00,1.64e-01,
290,0.00e+00,1.64e-01,
291,6.00e-01,1.56e-01,
292,0.00e+00,1.60e-01,
293,8.00e-01,1.68e-01,
294,8.00e-01,1.68e-01,
295,0.00e+00,1.60e-01,
296,8.00e-01,1.64e-01,
297,0.00e+00,1.72e-01,
298,6.00e-01,1.72e-01,
299,0.00e+00,1.64e-01,
300,2.00e-01,1.68e-01,
301,6.00e-01,1.76e-01,
302,6.00e-01,1.76e-01,
303,0.00e+00,1.72e-01,
304,2.00e-01,1.80e-01,
305,6.00e-01,1.72e-01,
306,2.00e-01,1.76e-01,
307,6.00e-01,1.84e-01,
308,2.00e-01,1.84e-01,
309,6.00e-01,1.76e-01,
310,8.00e-01,1.80e-01,
311,2.00e-01,1.88e-01,
312,0.00e+00,1.88e-01,
313,8.00e-01,1.80e-01,
314,8.00e-01,1.80e-01,
315,0.00e+00,1.92e-01,
316,6.00e-01,1.92e-01,
317,0.00e+00,1.84e-01,
318,6.00e-01,1.88e-01,
319,0.00e+00,1.96e-01,
320,2.00e-01,1.96e-01,
321,6.00e-01,1.88e-01,
322,6.00e-01,1.92e-01,
323,2.00e-01,2.00e-01,
324,0.00e+00,1.96e-01,
325,8.00e-01,2.00e-01,
326,2.00e-01,1.96e-01,
327,8.00e-01,2.08e-01,
328,6.00e-01,2.00e-01,
329,0.00e+00,2.08e-01,
330,2.00e-01,2.04e-01,
331,8.00e-01,2.08e-01,
332,2.00e-01,2.08e-01,
333,6.00e-01,2.04e-01,
334,8.00e-01,2.08e-01,
335,2.00e-01,2.16e-01,
336,2.00e-01,2.08e-01,
337,8.00e-01,2.16e-01,
338,2.00e-01,2.12e-01,
339,8.00e-01,2.20e-01,
340,2.00e-01,2.12e-01,
341,8.00e-01,2.20e-01,
342,2.00e-01,2.16e-01,
343,8.00e-01,2.20e-01,
344,2.00e-01,2.16e-01,
345,8.00e-01,2.24e-01,
346,2.00e-01,2.28e-01,
347,8.00e-01,1.40e-01,
348,2.00e-01,2.04e-01,
349,6.00e-01,2.24e-01,
350,2.00e-01,2.16e-01,
351,1.60e+00,2.24e-01,
352,1.60e+00,2.24e-01,
353,8.80e+00,2.16e-01,
354,8.80e+00,-3.60e-01,
355,2.12e+01,2.88e-01,
356,1.70e+01,2.48e-01,
357,1.98e+01,-2.80e-01,
358,1.94e+01,-1.44e-01,
359,1.78e+01,1.00e-01,
360,1.90e+01,4.40e-02,
361,1.82e+01,-6.40e-02,
362,1.90e+01,-3.60e-02,
363,1.84e+01,1.20e-02,
364,1.88e+01,4.00e-03,
365,1.84e+01,-2.00e-02,
366,1.88e+01,-4.00e-03,
367,1.84e+01,-1.60e-02,
368,1.88e+01,-4.00e-03,
369,1.84e+01,-1.20e-02,
370,1.86e+01,-8.00e-03,
371,1.90e+01,-4.00e-03,
372,1.90e+01,-8.00e-03,
373,1.84e+01,0.00e+00,
374,1.86e+01,0.00e+00,
375,1.90e+01,-8.00e-03,
376,1.90e+01,-8.00e-03,
377,1.84e+01,0.00e+00,
378,1.86e+01,-8.00e-03,
379,1.90e+01,0.00e+00,
380,1.84e+01,0.00e+00,
381,1.90e+01,-8.00e-03,
382,1.88e+01,-8.00e-03,
383,1.86e+01,0.00e+00,
384,1.86e+01,0.00e+00,
385,1.90e+01,-8.00e-03,
386,1.90e+01,-8.00e-03,
387,1.84e+01,0.00e+00,
388,1.92e+01,0.00e+00,
389,1.84e+01,-8.00e-03,
390,1.86e+01,-8.00e-03,
391,1.90e+01,0.00e+00,
392,1.86e+01,-8.00e-03,
393,1.90e+01,0.00e+00,
394,1.86e+01,0.00e+00,
395,1.90e+01,-8.00e-03,
396,1.86e+01,0.00e+00,
397,1.90e+01,-8.00e-03,
398,1.86e+01,0.00e+00,
399,1.90e+01,-8.00e-03,
400,1.86e+01,0.00e+00,
401,1.90e+01,-8.00e-03,
402,1.86e+01,0.00e+00,
403,1.90e+01,-8.00e-03,
404,1.86e+01,0.00e+00,
405,1.90e+01,-8.00e-03,
406,1.86e+01,0.00e+00,
407,1.90e+01,-8.00e-03,
408,1.86e+01,-4.00e-03,
409,1.90e+01,4.00e-03,
410,1.86e+01,0.00e+00,
411,1.90e+01,-8.00e-03,
412,1.86e+01,0.00e+00,
413,1.90e+01,-8.00e-03,
414,1.86e+01,-4.00e-03,
415,1.90e+01,4.00e-03,
416,1.86e+01,-4.00e-03,
417,1.90e+01,4.00e-03,
418,1.86e+01,-4.00e-03,
419,1.90e+01,0.00e+00,
420,1.90e+01,-4.00e-03,
421,1.84e+01,0.00e+00,
422,1.90e+01,-4.00e-03,
423,1.84e+01,4.00e-03,
424,1.86e+01,4.00e-03,
425,1.90e+01,-8.00e-03,
426,1.88e+01,-4.00e-03,
427,1.86e+01,4.00e-03,
428,1.90e+01,4.00e-03,
429,1.84e+01,-4.00e-03,
430,1.86e+01,-4.00e-03,
431,1.90e+01,4.00e-03,
432,1.86e+01,-4.00e-03,
433,1.90e+01,4.00e-03,
434,1.90e+01,-4.00e-03,
435,1.86e+01,4.00e-03,
436,1.90e+01,-4.00e-03,
437,1.84e+01,4.00e-03,
438,1.90e+01,4.00e-03,
439,1.86e+01,-4.00e-03,
440,1.86e+01,-4.00e-03,
441,1.90e+01,4.00e-03,
442,1.86e+01,-4.00e-03,
443,1.90e+01,4.00e-03,
444,1.86e+01,-4.00e-03,
445,1.88e+01,4.00e-03,
446,1.86e+01,-4.00e-03,
447,1.90e+01,4.00e-03,
448,1.86e+01,-4.00e-03,
449,1.88e+01,4.00e-03,
450,1.86e+01,4.00e-03,
451,1.90e+01,-4.00e-03,
452,1.86e+01,-4.00e-03,
453,1.90e+01,4.00e-03,
454,1.86e+01,-4.00e-03,
455,1.88e+01,4.00e-03,
456,1.90e+01,-4.00e-03,
457,1.84e+01,4.00e-03,
458,1.86e+01,4.00e-03,
459,1.90e+01,-4.00e-03,
460,1.84e+01,4.00e-03,
461,1.90e+01,-4.00e-03,
462,1.86e+01,4.00e-03,
463,1.90e+01,-4.00e-03,
464,1.86e+01,4.00e-03,
465,1.90e+01,-4.00e-03,
466,1.84e+01,-4.00e-03,
467,1.90e+01,4.00e-03,
468,1.84e+01,4.00e-03,
469,1.90e+01,-4.00e-03,
470,1.84e+01,4.00e-03,
471,1.90e+01,-4.00e-03,
472,1.84e+01,4.00e-03,
473,1.90e+01,-4.00e-03,
474,1.86e+01,-4.00e-03,
475,1.90e+01,4.00e-03,
476,1.84e+01,4.00e-03,
477,1.90e+01,-4.00e-03,
478,1.86e+01,4.00e-03,
479,1.90e+01,-4.00e-03,
480,1.86e+01,4.00e-03,
481,1.90e+01,-4.00e-03,
482,1.88e+01,4.00e-03,
483,1.84e+01,-4.00e-03,
484,1.84e+01,-4.00e-03,
485,1.88e+01,4.00e-03,
486,1.84e+01,4.00e-03,
487,1.88e+01,-4.00e-03,
488,1.90e+01,4.00e-03,
489,1.84e+01,-4.00e-03,
490,1.88e+01,4.00e-03,
491,1.84e+01,-4.00e-03,
492,1.88e+01,-4.00e-03,
493,1.84e+01,4.00e-03,
494,1.84e+01,-4.00e-03,
495,1.88e+01,4.00e-03,
496,1.84e+01,4.00e-03,
497,1.88e+01,-4.00e-03,
498,1.86e+01,4.00e-03,
499,1.84e+01,-4.00e-03,
500,1.84e+01,4.00e-03,
501,1.88e+01,-4.00e-03,
502,1.86e+01,-4.00e-03,
503,1.62e+01,4.00e-03,
504,1.62e+01,-4.00e-03,
505,1.04e+01,4.00e-03,
506,1.06e+01,-4.00e-03,
507,5.40e+00,4.00e-03,
508,5.60e+00,-4.00e-03,
509,3.00e+00,4.00e-03,
510,3.20e+00,4.00e-03,
511,2.60e+00,-4.00e-03,
512,3.20e+00,8.00e-03,
513,5.20e+00,-4.00e-03,
514,5.00e+00,0.00e+00,
515,8.60e+00,8.00e-03,
516,8.80e+00,4.00e-03,
517,1.32e+01,-4.00e-03,
518,1.32e+01,4.00e-03,
519,1.58e+01,-4.00e-03,
520,1.60e+01,-4.00e-03,
521,1.46e+01,4.00e-03,
522,1.48e+01,4.00e-03,
523,1.04e+01,-4.00e-03,
524,1.04e+01,-4.00e-03,
525,6.40e+00,4.00e-03,
526,6.60e+00,-4.00e-03,
527,4.20e+00,4.00e-03,
528,4.60e+00,-4.00e-03,
529,3.80e+00,4.00e-03,
530,4.00e+00,4.00e-03,
531,5.60e+00,0.00e+00,
532,5.40e+00,4.00e-03,
533,8.20e+00,-4.00e-03,
534,8.40e+00,4.00e-03,
535,1.16e+01,-4.00e-03,
536,1.16e+01,-4.00e-03,
537,1.38e+01,4.00e-03,
538,1.42e+01,4.00e-03,
539,1.32e+01,-4.00e-03,
540,1.32e+01,4.00e-03,
541,1.04e+01,-8.00e-03,
542,1.04e+01,4.00e-03,
543,7.40e+00,-8.00e-03,
544,7.40e+00,-4.00e-03,
545,5.40e+00,4.00e-03,
546,5.40e+00,4.00e-03,
547,4.80e+00,-4.00e-03,
548,4.80e+00,4.00e-03,
549,6.20e+00,-4.00e-03,
550,6.00e+00,4.00e-03,
551,8.40e+00,-4.00e-03,
552,8.20e+00,4.00e-03,
553,1.08e+01,-4.00e-03,
554,1.08e+01,4.00e-03,
555,1.28e+01,-4.00e-03,
556,1.38e+01,1.68e-01,
557,-2.00e-01,-1.16e-01,
558,6.00e-01,2.00e-02,
559,-2.00e-01,4.00e-03,
560,0.00e+00,1.20e-02,
561,4.00e-01,4.00e-03,
562,4.00e-01,4.00e-03,
563,-2.00e-01,1.60e-02,
564,4.00e-01,8.00e-03,
565,-2.00e-01,1.60e-02,
566,4.00e-01,8.00e-03,
567,-2.00e-01,1.60e-02,
568,4.00e-01,1.20e-02,
569,-2.00e-01,2.00e-02,
570,4.00e-01,1.60e-02,
571,-2.00e-01,2.40e-02,
572,4.00e-01,1.60e-02,
573,-2.00e-01,2.80e-02,
574,-2.00e-01,2.00e-02,
575,6.00e-01,2.80e-02,
576,-2.00e-01,2.00e-02,
577,6.00e-01,3.20e-02,
578,4.00e-01,3.20e-02,
579,0.00e+00,2.40e-02,
580,-2.00e-01,2.40e-02,
581,4.00e-01,3.60e-02,
582,4.00e-01,2.80e-02,
583,-2.00e-01,4.00e-02,
584,4.00e-01,3.20e-02,
585,-2.00e-01,4.00e-02,
586,6.00e-01,3.20e-02,
587,-2.00e-01,4.40e-02,
588,-2.00e-01,3.60e-02,
589,6.00e-01,4.40e-02,
590,4.00e-01,4.00e-02,
591,-2.00e-01,4.80e-02,
592,4.00e-01,4.00e-02,
593,-2.00e-01,4.80e-02,
594,4.00e-01,4.80e-02,
595,-2.00e-01,5.20e-02,
596,0.00e+00,4.40e-02,
597,4.00e-01,5.60e-02,
598,4.00e-01,5.20e-02,
599,-2.00e-01,5.60e-02,
600,0.00e+00,5.20e-02,
601,6.00e-01,6.00e-02,
602,-2.00e-01,5.60e-02,
603,6.00e-01,6.00e-02,
604,-2.00e-01,5.60e-02,
605,6.00e-01,6.40e-02,
606,4.00e-01,6.00e-02,
607,-2.00e-01,6.40e-02,
608,4.00e-01,6.40e-02,
609,-2.00e-01,6.80e-02,
610,4.00e-01,6.80e-02,
611,-2.00e-01,7.20e-02,
612,-2.00e-01,6.80e-02,
613,6.00e-01,7.60e-02,
614,4.00e-01,7.20e-02,
615,-2.00e-01,7.60e-02,
616,6.00e-01,7.20e-02,
617,-2.00e-01,8.00e-02,
618,0.00e+00,7.60e-02,
619,6.00e-01,8.00e-02,
620,4.00e-01,7.60e-02,
621,-2.00e-01,8.40e-02,
622,0.00e+00,8.00e-02,
623,6.00e-01,8.80e-02,
624,-2.00e-01,8.00e-02,
625,4.00e-01,8.80e-02,
626,-2.00e-01,8.40e-02,
627,6.00e-01,9.20e-02,
628,4.00e-01,8.80e-02,
629,-2.00e-01,9.60e-02,
630,0.00e+00,8.80e-02,
631,6.00e-01,9.60e-02,
632,0.00e+00,8.80e-02,
633,6.00e-01,9.60e-02,
634,4.00e-01,9.20e-02,
635,-2.00e-01,1.00e-01,
636,6.00e-01,9.60e-02,
637,0.00e+00,1.04e-01,
638,4.00e-01,9.60e-02,
639,0.00e+00,1.08e-01,
640,4.00e-01,1.00e-01,
641,0.00e+00,1.08e-01,
642,0.00e+00,1.04e-01,
643,6.00e-01,1.12e-01,
644,4.00e-01,1.04e-01,
645,-2.00e-01,1.12e-01,
646,0.00e+00,1.08e-01,
647,6.00e-01,1.16e-01,
648,6.00e-01,1.16e-01,
649,0.00e+00,1.08e-01,
650,4.00e-01,1.12e-01,
651,0.00e+00,1.16e-01,
652,4.00e-01,1.12e-01,
653,-2.00e-01,1.20e-01,
654,0.00e+00,1.24e-01,
655,6.00e-01,1.16e-01,
656,0.00e+00,1.24e-01,
657,4.00e-01,1.20e-01,
658,0.00e+00,1.20e-01,
659,6.00e-01,1.28e-01,
660,4.00e-01,1.24e-01,
661,0.00e+00,1.32e-01,
662,-2.00e-01,1.24e-01,
663,6.00e-01,1.32e-01,
664,4.00e-01,1.28e-01,
665,-2.00e-01,1.36e-01,
666,0.00e+00,1.36e-01,
667,6.00e-01,1.28e-01,
668,0.00e+00,1.32e-01,
669,4.00e-01,1.40e-01,
670,6.00e-01,1.40e-01,
671,0.00e+00,1.32e-01,
672,0.00e+00,1.36e-01,
673,6.00e-01,1.44e-01,
674,0.00e+00,1.44e-01,
675,6.00e-01,1.40e-01,
676,2.00e-01,1.40e-01,
677,6.00e-01,1.48e-01,
678,0.00e+00,1.40e-01,
679,6.00e-01,1.52e-01,
680,0.00e+00,1.52e-01,
681,6.00e-01,1.44e-01,
682,8.00e-01,1.48e-01,
683,2.00e-01,1.56e-01,
684,2.00e-01,1.56e-01,
685,6.00e-01,1.48e-01,
686,0.00e+00,1.52e-01,
687,8.00e-01,1.60e-01,
688,2.00e-01,1.60e-01,
689,8.00e-01,1.52e-01,
690,6.00e-01,1.56e-01,
691,0.00e+00,1.64e-01,
692,6.00e-01,1.56e-01,
693,0.00e+00,1.64e-01,
694,6.00e-01,1.60e-01,
695,0.00e+00,1.68e-01,
696,8.00e-01,1.60e-01,
697,0.00e+00,1.72e-01,
698,2.00e-01,1.64e-01,
699,6.00e-01,1.72e-01,
700,2.00e-01,1.64e-01,
701,8.00e-01,1.72e-01,
702,6.00e-01,1.68e-01,
703,0.00e+00,1.76e-01,
704,2.00e-01,1.72e-01,
705,8.00e-01,1.80e-01,
706,6.00e-01,1.80e-01,
707,0.00e+00,1.72e-01,
708,2.00e-01,1.72e-01,
709,6.00e-01,1.84e-01,
710,2.00e-01,1.84e-01,
711,8.00e-01,1.80e-01,
712,2.00e-01,1.80e-01,
713,8.00e-01,1.88e-01,
714,6.00e-01,1.88e-01,
715,0.00e+00,1.80e-01,
716,2.00e-01,1.84e-01,
717,6.00e-01,1.92e-01,
718,2.00e-01,1.92e-01,
719,8.00e-01,1.88e-01,
720,2.00e-01,1.96e-01,
721,6.00e-01,1.92e-01,
722,2.00e-01,1.96e-01,
723,8.00e-01,1.92e-01,
724,2.00e-01,1.96e-01,
725,6.00e-01,2.00e-01,
726,2.00e-01,1.96e-01,
727,8.00e-01,2.04e-01,
728,2.00e-01,2.00e-01,
729,8.00e-01,2.04e-01,
730,8.00e-01,2.08e-01,
731,0.00e+00,1.96e-01,
732,0.00e+00,2.04e-01,
733,6.00e-01,2.08e-01,
734,6.00e-01,2.04e-01,
735,0.00e+00,2.08e-01,
736,6.00e-01,2.08e-01,
737,0.00e+00,2.16e-01,
738,2.00e-01,2.08e-01,
739,8.00e-01,2.16e-01,
740,8.00e-01,2.12e-01,
741,0.00e+00,2.16e-01,
742,8.00e-01,2.16e-01,
743,2.00e-01,2.20e-01,
744,2.00e-01,2.16e-01,
745,8.00e-01,2.24e-01,
746,6.00e-01,2.20e-01,
747,2.00e-01,2.24e-01,
748,2.00e-01,2.28e-01,
749,6.00e-01,1.40e-01,
750,2.00e-01,2.08e-01,
751,8.00e-01,2.24e-01,
752,2.00e-01,2.20e-01,
753,2.60e+00,2.28e-01,
754,2.80e+00,2.24e-01,
755,1.28e+01,2.12e-01,
756,1.28e+01,-3.60e-01,
757,2.12e+01,2.88e-01,
758,1.76e+01,2.12e-01,
759,1.96e+01,-2.28e-01,
760,1.92e+01,-1.20e-01,
761,1.82e+01,8.40e-02,
762,1.82e+01,3.20e-02,
763,1.88e+01,-5.20e-02,
764,1.90e+01,-3.20e-02,
765,1.84e+01,1.20e-02,
766,1.90e+01,-1.60e-02,
767,1.84e+01,4.00e-03,
768,1.86e+01,0.00e+00,
769,1.88e+01,-1.60e-02,
770,1.84e+01,0.00e+00,
771,1.90e+01,-1.20e-02,
772,1.86e+01,-4.00e-03,
773,1.90e+01,-8.00e-03,
774,1.90e+01,-4.00e-03,
775,1.84e+01,-1.20e-02,
776,1.86e+01,-4.00e-03,
777,1.90e+01,-8.00e-03,
778,1.88e+01,-8.00e-03,
779,1.86e+01,0.00e+00,
780,1.90e+01,-8.00e-03,
781,1.84e+01,0.00e+00,
782,1.86e+01,-8.00e-03,
783,1.90e+01,0.00e+00,
784,1.86e+01,-8.00e-03,
785,1.90e+01,0.00e+00,
786,1.86e+01,-8.00e-03,
787,1.90e+01,0.00e+00,
788,1.86e+01,-8.00e-03,
789,1.90e+01,0.00e+00,
790,1.88e+01,-8.00e-03,
791,1.86e+01,0.00e+00,
792,1.86e+01,0.00e+00,
793,1.90e+01,-8.00e-03,
794,1.86e+01,0.00e+00,
795,1.90e+01,-8.00e-03,
796,1.84e+01,-8.00e-03,
797,1.90e+01,0.00e+00,
798,1.86e+01,0.00e+00,
799,1.90e+01,-8.00e-03,
800,1.86e+01,-8.00e-03,
801,1.90e+01,4.00e-03,
802,1.86e+01,-8.00e-03,
803,1.90e+01,0.00e+00,
804,1.86e+01,0.00e+00,
805,1.90e+01,-8.00e-03,
806,1.86e+01,-8.00e-03,
807,1.90e+01,4.00e-03,
808,1.86e+01,0.00e+00,
809,1.90e+01,-8.00e-03,
810,1.86e+01,0.00e+00,
811,1.90e+01,-8.00e-03,
812,1.86e+01,0.00e+00,
813,1.90e+01,-8.00e-03,
814,1.86e+01,0.00e+00,
815,1.90e+01,-8.00e-03,
816,1.86e+01,0.00e+00,
817,1.88e+01,-8.00e-03,
818,1.86e+01,-4.00e-03,
819,1.90e+01,0.00e+00,
820,1.86e+01,-4.00e-03,
821,1.90e+01,4.00e-03,
822,1.86e+01,-8.00e-03,
823,1.90e+01,4.00e-03,
824,1.86e+01,4.00e-03,
825,1.90e+01,-8.00e-03,
826,1.86e+01,-4.00e-03,
827,1.90e+01,4.00e-03,
828,1.86e+01,4.00e-03,
829,1.90e+01,-4.00e-03,
830,1.90e+01,4.00e-03,
831,1.86e+01,-4.00e-03,
832,1.86e+01,-4.00e-03,
833,1.90e+01,4.00e-03,
834,1.86e+01,-4.00e-03,
835,1.90e+01,4.00e-03,
836,1.86e+01,4.00e-03,
837,1.90e+01,-8.00e-03,
838,1.86e+01,4.00e-03,
839,1.90e+01,-4.00e-03,
840,1.86e+01,-4.00e-03,
841,1.90e+01,4.00e-03,
842,1.88e+01,4.00e-03,
843,1.86e+01,-4.00e-03,
844,1.84e+01,4.00e-03,
845,1.90e+01,-8.00e-03,
846,1.86e+01,-4.00e-03,
847,1.90e+01,4.00e-03,
848,1.86e+01,4.00e-03,
849,1.90e+01,-8.00e-03,
850,1.86e+01,-4.00e-03,
851,1.90e+01,4.00e-03,
852,1.90e+01,-4.00e-03,
853,1.84e+01,4.00e-03,
854,1.86e+01,4.00e-03,
855,1.90e+01,-4.00e-03,
856,1.86e+01,4.00e-03,
857,1.90e+01,-4.00e-03,
858,1.86e+01,4.00e-03,
859,1.90e+01,-4.00e-03,
860,1.86e+01,-4.00e-03,
861,1.88e+01,4.00e-03,
862,1.86e+01,-4.00e-03,
863,1.90e+01,4.00e-03,
864,1.90e+01,-4.00e-03,
865,1.84e+01,4.00e-03,
866,1.84e+01,-4.00e-03,
867,1.90e+01,4.00e-03,
868,1.88e+01,4.00e-03,
869,1.84e+01,-4.00e-03,
870,1.86e+01,-4.00e-03,
871,1.88e+01,4.00e-03,
872,1.86e+01,-4.00e-03,
873,1.90e+01,4.00e-03,
874,1.90e+01,4.00e-03,
875,1.84e+01,-4.00e-03,
876,1.90e+01,-4.00e-03,
877,1.84e+01,4.00e-03,
878,1.88e+01,-4.00e-03,
879,1.84e+01,4.00e-03,
880,1.90e+01,-4.00e-03,
881,1.84e+01,4.00e-03,
882,1.88e+01,4.00e-03,
883,1.84e+01,-4.00e-03,
884,1.90e+01,-4.00e-03,
885,1.84e+01,4.00e-03,
886,1.88e+01,-4.00e-03,
887,1.84e+01,4.00e-03,
888,1.88e+01,-4.00e-03,
889,1.84e+01,4.00e-03,
890,1.90e+01,-4.00e-03,
891,1.84e+01,4.00e-03,
892,1.84e+01,-4.00e-03,
893,1.88e+01,8.00e-03,
894,1.88e+01,4.00e-03,
895,1.84e+01,-4.00e-03,
896,1.84e+01,-4.00e-03,
897,1.90e+01,4.00e-03,
898,1.84e+01,4.00e-03,
899,1.90e+01,-4.00e-03,
900,1.84e+01,-4.00e-03,
901,1.88e+01,4.00e-03,
902,1.86e+01,4.00e-03,
903,1.82e+01,-4.00e-03,
904,1.84e+01,4.00e-03,
905,1.54e+01,-8.00e-03,
906,1.52e+01,-4.00e-03,
907,9.00e+00,4.00e-03,
908,9.00e+00,-4.00e-03,
909,4.60e+00,4.00e-03,
910,4.80e+00,-4.00e-03,
911,2.60e+00,4.00e-03,
912,2.60e+00,4.00e-03,
913,3.40e+00,-4.00e-03,
914,3.20e+00,4.00e-03,
915,5.60e+00,-4.00e-03,
916,5.40e+00,4.00e-03,
917,9.60e+00,0.00e+00,
918,9.80e+00,4.00e-03,
919,1.40e+01,-4.00e-03,
920,1.40e+01,4.00e-03,
921,1.60e+01,-4.00e-03,
922,1.60e+01,-4.00e-03,
923,1.38e+01,4.00e-03,
924,1.38e+01,0.00e+00,
925,9.40e+00,-4.00e-03,
926,9.60e+00,-8.00e-03,
927,6.00e+00,4.00e-03,
928,6.00e+00,-4.00e-03,
929,4.00e+00,4.00e-03,
930,4.40e+00,-4.00e-03,
931,3.80e+00,4.00e-03,
932,4.00e+00,4.00e-03,
933,6.00e+00,-4.00e-03,
934,6.00e+00,4.00e-03,
935,9.00e+00,-4.00e-03,
936,9.20e+00,4.00e-03,
937,1.26e+01,-4.00e-03,
938,1.22e+01,-4.00e-03,
939,1.40e+01,4.00e-03,
940,1.40e+01,4.00e-03,
941,1.28e+01,-8.00e-03,
942,1.28e+01,0.00e+00,
943,9.60e+00,-8.00e-03,
944,9.80e+00,-8.00e-03,
945,6.80e+00,4.00e-03,
946,7.00e+00,-4.00e-03,
947,5.00e+00,4.00e-03,
948,5.40e+00,4.00e-03,
949,4.80e+00,-4.00e-03,
950,5.00e+00,4.00e-03,
951,6.40e+00,-4.00e-03,
952,6.40e+00,4.00e-03,
953,9.00e+00,-4.00e-03,
954,8.60e+00,-4.00e-03,
955,1.12e+01,4.00e-03,
956,1.12e+01,-4.00e-03,
957,1.30e+01,3.60e-02,
958,1.38e+01,1.72e-01,
959,-2.00e-01,-1.12e-01,
960,0.00e+00,0.00e+00,
961,4.00e-01,2.00e-02,
962,4.00e-01,1.20e-02,
963,-2.00e-01,4.00e-03,
964,4.00e-01,8.00e-03,
965,-4.00e-01,1.60e-02,
966,4.00e-01,8.00e-03,
967,-2.00e-01,1.60e-02,
968,4.00e-01,8.00e-03,
969,-2.00e-01,2.00e-02,
970,6.00e-01,1.20e-02,
971,-2.00e-01,2.00e-02,
972,4.00e-01,1.20e-02,
973,-2.00e-01,2.40e-02,
974,4.00e-01,1.60e-02,
975,0.00e+00,2.80e-02,
976,-2.00e-01,2.00e-02,
977,6.00e-01,2.80e-02,
978,4.00e-01,2.40e-02,
979,-2.00e-01,3.20e-02,
980,6.00e-01,3.20e-02,
981,-2.00e-01,2.40e-02,
982,4.00e-01,2.80e-02,
983,-2.00e-01,3.60e-02,
984,-2.00e-01,3.60e-02,
985,4.00e-01,2.80e-02,
986,4.00e-01,3.20e-02,
987,-2.00e-01,4.00e-02,
988,6.00e-01,3.60e-02,
989,-2.00e-01,4.40e-02,
990,4.00e-01,3.60e-02,
991,-2.00e-01,4.40e-02,
992,-2.00e-01,4.80e-02,
993,6.00e-01,4.00e-02,
994,4.00e-01,4.80e-02,
995,-2.00e-01,4.00e-02,
996,-2.00e-01,5.20e-02,
997,6.00e-01,4.40e-02,
998,4.00e-01,4.80e-02,
999,-2.00e-01,5.60e-02,
1000,4.00e-01,5.60e-02,
1001,-2.00e-01,4.80e-02,
1002,4.00e-01,5.20e-02,
1003,-2.00e-01,6.00e-02,
1004,-2.00e-01,6.00e-02,
1005,4.00e-01,5.60e-02,
1006,4.00e-01,6.00e-02,
1007,-2.00e-01,6.80e-02,
1008,-2.00e-01,6.00e-02,
1009,4.00e-01,6.80e-02,
1010,4.00e-01,6.40e-02,
1011,-2.00e-01,6.80e-02,
1012,0.00e+00,6.80e-02,
1013,4.00e-01,7.20e-02,
1014,0.00e+00,6.80e-02,
1015,6.00e-01,7.20e-02,
1016,0.00e+00,7.20e-02,
1017,4.00e-01,7.60e-02,
1018,6.00e-01,7.20e-02,
1019,-2.00e-01,8.00e-02,
1020,6.00e-01,7.60e-02,
1021,-2.00e-01,8.40e-02,
1022,0.00e+00,8.00e-02,
1023,6.00e-01,8.40e-02,
1024,4.00e-01,8.40e-02,
1025,-2.00e-01,7.60e-02,
1026,4.00e-01,8.40e-02,
1027,-2.00e-01,8.80e-02,
1028,0.00e+00,9.20e-02,
1029,4.00e-01,8.40e-02,
1030,4.00e-01,8.80e-02,
1031,0.00e+00,9.20e-02,
1032,4.00e-01,8.80e-02,
1033,-2.00e-01,9.60e-02,
1034,6.00e-01,9.20e-02,
1035,-2.00e-01,1.00e-01,
1036,4.00e-01,9.20e-02,
1037,-2.00e-01,1.00e-01,
1038,0.00e+00,9.60e-02,
1039,6.00e-01,1.04e-01,
1040,4.00e-01,1.00e-01,
1041,0.00e+00,1.08e-01,
1042,0.00e+00,1.08e-01,
1043,6.00e-01,1.00e-01,
1044,0.00e+00,1.00e-01,
1045,4.00e-01,1.12e-01,
1046,-2.00e-01,1.04e-01,
1047,6.00e-01,1.12e-01,
1048,4.00e-01,1.08e-01,
1049,0.00e+00,1.16e-01,
1050,4.00e-01,1.08e-01,
1051,0.00e+00,1.16e-01,
1052,4.00e-01,1.12e-01,
1053,-2.00e-01,1.20e-01,
1054,4.00e-01,1.12e-01,
1055,0.00e+00,1.20e-01,
1056,0.00e+00,1.16e-01,
1057,6.00e-01,1.24e-01,
1058,0.00e+00,1.20e-01,
1059,8.00e-01,1.28e-01,
1060,4.00e-01,1.28e-01,
1061,0.00e+00,1.20e-01,
1062,2.00e-01,1.20e-01,
1063,6.00e-01,1.32e-01,
1064,0.00e+00,1.24e-01,
1065,6.00e-01,1.32e-01,
1066,0.00e+00,1.28e-01,
1067,6.00e-01,1.36e-01,
1068,4.00e-01,1.36e-01,
1069,-2.00e-01,1.28e-01,
1070,0.00e+00,1.32e-01,
1071,8.00e-01,1.40e-01,
1072,0.00e+00,1.32e-01,
1073,6.00e-01,1.44e-01,
1074,0.00e+00,1.36e-01,
1075,8.00e-01,1.44e-01,
1076,6.00e-01,1.40e-01,
1077,0.00e+00,1.44e-01,
1078,0.00e+00,1.40e-01,
1079,6.00e-01,1.48e-01,
1080,0.00e+00,1.44e-01,
1081,6.00e-01,1.52e-01,
1082,2.00e-01,1.52e-01,
1083,8.00e-01,1.44e-01,
1084,0.00e+00,1.44e-01,
1085,6.00e-01,1.56e-01,
1086,6.00e-01,1.48e-01,
1087,0.00e+00,1.60e-01,
1088,2.00e-01,1.52e-01,
1089,6.00e-01,1.60e-01,
1090,6.00e-01,1.60e-01,
1091,2.00e-01,1.52e-01,
1092,8.00e-01,1.56e-01,
1093,0.00e+00,1.64e-01,
1094,2.00e-01,1.64e-01,
1095,6.00e-01,1.56e-01,
1096,8.00e-01,1.60e-01,
1097,0.00e+00,1.68e-01,
1098,2.00e-01,1.64e-01,
1099,6.00e-01,1.72e-01,
1100,2.00e-01,1.64e-01,
1101,6.00e-01,1.72e-01,
1102,2.00e-01,1.64e-01,
1103,8.00e-01,1.76e-01,
1104,0.00e+00,1.68e-01,
1105,8.00e-01,1.76e-01,
1106,0.00e+00,1.72e-01,
1107,8.00e-01,1.80e-01,
1108,8.00e-01,1.72e-01,
1109,0.00e+00,1.80e-01,
1110,6.00e-01,1.76e-01,
1111,0.00e+00,1.84e-01,
1112,6.00e-01,1.84e-01,
1113,0.00e+00,1.76e-01,
1114,6.00e-01,1.80e-01,
1115,0.00e+00,1.88e-01,
1116,2.00e-01,1.88e-01,
1117,8.00e-01,1.80e-01,
1118,0.00e+00,1.84e-01,
1119,8.00e-01,1.92e-01,
1120,2.00e-01,1.84e-01,
1121,6.00e-01,1.96e-01,
1122,6.00e-01,1.96e-01,
1123,2.00e-01,1.88e-01,
1124,2.00e-01,1.92e-01,
1125,6.00e-01,2.00e-01,
1126,2.00e-01,2.00e-01,
1127,6.00e-01,1.92e-01,
1128,2.00e-01,2.00e-01,
1129,8.00e-01,1.96e-01,
1130,2.00e-01,2.00e-01,
1131,8.00e-01,2.04e-01,
1132,2.00e-01,2.00e-01,
1133,6.00e-01,2.08e-01,
1134,6.00e-01,2.04e-01,
1135,2.00e-01,2.12e-01,
1136,2.00e-01,2.04e-01,
1137,8.00e-01,2.12e-01,
1138,8.00e-01,2.08e-01,
1139,2.00e-01,2.16e-01,
1140,2.00e-01,2.08e-01,
1141,8.00e-01,2.16e-01,
1142,2.00e-01,2.12e-01,
1143,6.00e-01,2.20e-01,
1144,2.00e-01,2.20e-01,
1145,8.00e-01,2.12e-01,
1146,8.00e-01,2.24e-01,
1147,0.00e+00,2.16e-01,
1148,2.00e-01,2.24e-01,
1149,8.00e-01,2.16e-01,
1150,6.00e-01,2.28e-01,
1151,0.00e+00,1.44e-01,
1152,8.00e-01,2.12e-01,
1153,0.00e+00,2.24e-01,
1154,2.00e-01,2.28e-01,
1155,3.60e+00,2.16e-01,
1156,3.60e+00,2.24e-01,
1157,1.78e+01,1.80e-01,
1158,2.12e+01,-3.60e-01,
1159,1.68e+01,2.92e-01,
1160,1.76e+01,1.76e-01,
1161,1.94e+01,-2.00e-01,
1162,1.92e+01,-1.04e-01,
1163,1.82e+01,6.80e-02,
1164,1.84e+01,-4.80e-02,
1165,1.90e+01,2.80e-02,
1166,1.88e+01,8.00e-03,
1167,1.84e+01,-2.40e-02,
1168,1.90e+01,-1.60e-02,
1169,1.84e+01,0.00e+00,
1170,1.90e+01,-4.00e-03,
1171,1.84e+01,-1.20e-02,
1172,1.84e+01,-1.20e-02,
1173,1.88e+01,0.00e+00,
1174,1.88e+01,-4.00e-03,
1175,1.84e+01,-1.20e-02,
1176,1.86e+01,-4.00e-03,
1177,1.88e+01,-8.00e-03,
1178,1.88e+01,-4.00e-03,
1179,1.84e+01,-8.00e-03,
1180,1.88e+01,-8.00e-03,
1181,1.84e+01,0.00e+00,
1182,1.84e+01,-8.00e-03,
1183,1.90e+01,0.00e+00,
1184,1.90e+01,-8.00e-03,
1185,1.84e+01,0.00e+00,
1186,1.88e+01,-8.00e-03,
1187,1.84e+01,0.00e+00,
1188,1.90e+01,-8.00e-03,
1189,1.84e+01,0.00e+00,
1190,1.90e+01,-8.00e-03,
1191,1.86e+01,0.00e+00,
1192,1.86e+01,-8.00e-03,
1193,1.90e+01,0.00e+00,
1194,1.84e+01,0.00e+00,
1195,1.90e+01,-8.00e-03,
1196,1.90e+01,0.00e+00,
1197,1.86e+01,-8.00e-03,
1198,1.86e+01,0.00e+00,
1199,1.90e+01,-8.00e-03,
